{
  "model_type": "GRUSeq2Seq",
  "lookback": 190,
  "horizon": 16,
  "batch_size": 4,
  "lr": 0.0006952528306024481,
  "hidden_size": 128,
  "num_layers": 3,
  "dropout": 0.0,
  "optimizer": "Adam",
  "tf_prob": 0.7623425613390322
}